{"fold1": {"train_loss": [0.14467865684956924, 0.06510851308037142, 0.062042701516157386, 0.06164725960135805, 0.06141618798060175], "val_loss": [0.06982697546482086, 0.06264407187700272, 0.06158425286412239, 0.06137715280056, 0.06124914065003395]}, "fold2": {"train_loss": [0.23318753041119278, 0.10663269150674907, 0.0818653455643921, 0.07734321918179805, 0.07563326227185226], "val_loss": [0.1298956722021103, 0.08751002699136734, 0.07886528223752975, 0.07628685981035233, 0.07534867525100708]}, "fold3": {"train_loss": [1.001152447168605, 0.9996739717799071, 0.9996665506724117, 0.9996876174183283, 0.9996788357509431], "val_loss": [1.001124620437622, 1.0011602640151978, 1.00115966796875, 1.0011229515075684, 1.001169204711914]}, "fold4": {"train_loss": [0.18755196754099004, 0.07199154109025334, 0.07047459463452208, 0.06896377690449976, 0.06812957817025243], "val_loss": [0.07276589423418045, 0.07104368507862091, 0.0695146694779396, 0.0682898685336113, 0.06781524419784546]}}