{"fold1": {"train_loss": [0.1532503917062756, 0.07950930513523868, 0.07789137561769782, 0.07573352611061776, 0.07391221495810651], "val_loss": [0.08130902051925659, 0.07854705303907394, 0.07705672830343246, 0.07469108700752258, 0.07318247109651566]}, "fold2": {"train_loss": [0.16343730358188402, 0.07563916727340046, 0.0732109280423639, 0.0725433411471534, 0.07206099115014233], "val_loss": [0.07962220162153244, 0.07322639971971512, 0.07248825579881668, 0.07187234610319138, 0.07123398780822754]}, "fold3": {"train_loss": [0.18224649378115695, 0.08071880184039512, 0.07984161603586383, 0.07961892609487924, 0.07942727481508367], "val_loss": [0.08272494375705719, 0.08057582378387451, 0.0800459012389183, 0.08019331842660904, 0.08166364580392838]}, "fold4": {"train_loss": [0.18989839431080674, 0.07378898483790704, 0.06975514653468527, 0.0686636105873502, 0.0678260426023786], "val_loss": [0.08018136769533157, 0.0707603394985199, 0.06940540671348572, 0.06842180341482162, 0.06759335100650787]}}