{"fold1": {"train_loss": [0.103726035198574, 0.055502591602727656, 0.05283982586066607, 0.0514480078211745, 0.050464328194232064], "val_loss": [0.058510009199380875, 0.053829703480005264, 0.05258341133594513, 0.05136241391301155, 0.05018874257802963]}, "fold2": {"train_loss": [0.23272915599355254, 0.0661038208511834, 0.062407504104818566, 0.060457242068798836, 0.05887559009642428], "val_loss": [0.06850018352270126, 0.06293242424726486, 0.060456953942775726, 0.05892695114016533, 0.05732129141688347]}, "fold3": {"train_loss": [0.2975529333765666, 0.24309604946153532, 0.23029099813202442, 0.2219513528154813, 0.2152403119298924], "val_loss": [0.2511154115200043, 0.23855353891849518, 0.2225138396024704, 0.2173534780740738, 0.21051627397537231]}, "fold4": {"train_loss": [0.12170970341340609, 0.06237669572771097, 0.059373998565737475, 0.058176749142407114, 0.05772274692808873], "val_loss": [0.06569947302341461, 0.06044723093509674, 0.05852184444665909, 0.05764634534716606, 0.05756189674139023]}}