{"fold1": {"train_loss": [0.13539334727173916, 0.06761072728702547, 0.06549000069165875, 0.06454308551571075, 0.06415381677632956], "val_loss": [0.06964171677827835, 0.06645316630601883, 0.06506519019603729, 0.06431783735752106, 0.06377673894166946]}, "fold2": {"train_loss": [0.32357400836817907, 0.1420825070631482, 0.07468848648838217, 0.0709932611335161, 0.06916150323427363], "val_loss": [0.2785671353340149, 0.07576008886098862, 0.07172878086566925, 0.06846367567777634, 0.06784839928150177]}, "fold3": {"train_loss": [0.31019145746111304, 0.2038442822254563, 0.16897479701064122, 0.1580688965882614, 0.15157879653657694], "val_loss": [0.26540300250053406, 0.17889106273651123, 0.16342681646347046, 0.1543453186750412, 0.1494441032409668]}, "fold4": {"train_loss": [0.1321525742632505, 0.06700235827561901, 0.060357277365357294, 0.05834828037425664, 0.05743336970910532], "val_loss": [0.07213659584522247, 0.062785305082798, 0.05912446230649948, 0.05804549902677536, 0.05732200667262077]}}