{"fold1": {"train_loss": [0.1461301805703327, 0.06380345359707211, 0.06181992595130553, 0.05950116924451628, 0.058360915276359594], "val_loss": [0.0634225383400917, 0.061213843524456024, 0.05856805667281151, 0.05695001408457756, 0.05618893355131149]}, "fold2": {"train_loss": [0.12475371940344619, 0.05999953672191866, 0.05895900243167216, 0.05863439116523116, 0.05812792511640223], "val_loss": [0.06139727681875229, 0.05870601907372475, 0.05825106054544449, 0.058175958693027496, 0.05734017863869667]}, "fold3": {"train_loss": [0.13565998049604774, 0.07225034197793391, 0.06590303113641925, 0.061390255242272596, 0.05993164797411004], "val_loss": [0.07617732137441635, 0.07031648606061935, 0.0639161691069603, 0.061841774731874466, 0.06061377003788948]}, "fold4": {"train_loss": [0.32323597183843966, 0.25284322098814643, 0.2434016821503263, 0.22887376542626903, 0.07859004134589562], "val_loss": [0.26373496651649475, 0.24756090342998505, 0.24154312908649445, 0.11717860400676727, 0.0699193924665451]}}